{
  "coords": [
    [
      0.0,
      0.0
    ],
    [
      0.0,
      0.0
    ],
    [
      0.0,
      0.0
    ],
    [
      0.0,
      0.0
    ],
    [
      0.0,
      0.0
    ]
  ],
  "roi": {
    "x": 0.26252718807115627,
    "y": 0.1787840917444681,
    "w": 0.401200823705517,
    "h": 0.4083805043005219
  },
  "w": 1280,
  "h": 720,
  "total_leds": 5,
  "leds_found": 0,
  "adaptive_mode": true,
  "consecutive_failures": 5
}